"","name","hex"
"1","Nokia Blue","#005aff"
"2","Angel Blue (RAL Design)","#96AED0"
"3","Picton Blue","#45B1E8"
"4","Light Ultramarine Blue","#4147C0"
"5","Teal Blue (Crayola)","#008080"
"6","Mosaic Blue","#47B7DC"
"7","Blue Screen","#150DF7"
"8","January Blue","#00A1B9"
"9","Hippie Blue","#331878"
"10","Lagoon Blue (RAL Design)","#0084A0"
"11","Blue Bolt","#355BF5"
"12","Mild Blue","#617CB5"
"13","Madonna Blue","#71B5D1"
"14","Mineral Blue","#187194"
"15","Romantic Blue","#AAD1E7"
"16","Marietta Blue","#00205B"
"17","Oxford Blue","#002147"
"18","Boy Blue","#8CACD6"
"19","Skype Blue","#00AFF0"
"20","Sea Blue (RAL Design)","#80B2C9"
"21","Battery Charged Blue","#1DACD6"
"22","Gulf Blue","#7BB5DC"
"23","German Blue","#049BE5"
"24","Blue Red","#360BA2"
"25","Harbour Blue","#3D7391"
"26","Mohair Soft Blue Grey","#97B2B7"
"27","Cambridge Blue","#8BC0B5"
"28","Nile Blue","#35579B"
"29","Louis Blue","#A8B8C6"
"30","Different Blue","#2F668C"
"31","Culinary Blue","#7BB6C1"
"32","Nature Blue","#4B89BF"
"33","Satin Soft Blue","#9CADC7"
"34","Caribbean Blue","#4C9BB0"
"35","Light Blue (Crayola)","#8FD8D8"
"36","Coronation Blue","#59529C"
"37","Jordy Blue","#8BB8F1"
"38","Functional Blue","#3F6086"
"39","Bluetiful","#1E4BCA"
"40","Mediterranean Blue","#327BC4"
"41","Single Blue","#243C5A"
"42","Hazy Blue","#BCC8CC"
"43","Light Violet Blue","#806AEC"
"44","Majorelle Blue","#6050DC"
"45","Frosty White Blue","#CCE9E4"
"46","French Blue (Pantone)","#0072B5"
"47","Neon Aqua Blue","#23C1FF"
"48","Blue Bonnet","#3838F0"
"49","Feather Soft Blue","#A2AEBF"
"50","Opera Blue","#453E6E"
"51","Discord Blue","#5865F2"
"52","Dark Ice Blue","#53CCDC"
"53","Bermuda Blue","#8CB1C2"
"54","New Blue Sky","#41ADFF"
"55","Coastal Blue","#55A9DC"
"56","Mallard Blue","#214C4F"
"57","Airy Blue","#93B7D5"
"58","Maximum Blue Green","#30BFBF"
"59","Synthetic Blue","#142B6B"
"60","Zircon Blue","#00849D"
"61","Floral Blue","#91B6D8"
"62","Illusion Blue","#4F1AA5"
"63","Columbia Blue","#B9D9EB"
"64","Yale Blue","#03346A"
"65","Cetacean Blue","#001440"
"66","Lowe’s Blue","#004990"
"67","Kitchen Blue","#8AB5BD"
"68","Fashion Sky Blue","#1799E7"
"69","Honolulu Blue","#006DB0"
"70","Cerritos Blue","#002E66"
"71","UAH Blue","#0077C8"
"72","GoDaddy Blue","#1BDBDB"
"73","Cashmere Blue","#63779D"
"74","Bluetonium","#BCD5E3"
"75","Miami Blue","#54C3EA"
"76","Butterfly Blue","#5F93CC"
"77","Limoges Blue","#ABBABB"
"78","Cisco Blue","#00BCEB"
"79","Zappos Blue","#0076BD"
"80","Blue Pot","#141854"
"81","Light Baby Blue","#A6DAF4"
"82","Infantry Blue","#30506D"
"83","Make-up Blue","#335F8D"
"84","Blue Lavender","#9995DB"
"85","Petrol Blue","#0C5678"
"86","Middle Blue Green","#8DD9CC"
"87","Baja Blue","#5F6EAE"
"88","Hyundai Blue","#00287A"
"89","Majestic Blue","#302E75"
"90","Aztec Blue","#052B72"
"91","Baltimore Blue","#0076A8"
"92","Sierra Blue","#BFDAF7"
"93","Caribbean Blue (RAL Design)","#5FB5D6"
"94","Supreme Blue","#1953BE"
"95","Diode Blue","#0045B0"
"96","DigitalOcean Blue","#0080FF"
"97","Dropbox Blue","#0061FE"
"98","Diamond Blue","#ACCFE6"
"99","Light Topaz Soft Blue","#B5CDD7"
"100","Rugged Blue","#3A4763"
"101","Blouson Blue","#67B7C6"
"102","Transparent Blue","#CDDBDD"
"103","Original Blue","#4470EA"
"104","Blush Blue","#B9B0D0"
"105","Polar Soft Blue","#D0DCDE"
"106","Ice Shard Soft Blue","#C1DEE2"
"107","Fresh Blue (RAL Design)","#8BD6E2"
"108","Light Blue (RAL Design)","#9BD0E1"
"109","Matte Blue (RAL Design)","#8FB0CE"
"110","Hydrogen Blue","#33476D"
"111","Casual Blue","#498090"
"112","Deep Blue (RAL Design)","#264674"
"113","Jade Blue","#99B8BC"
"114","Petrel Blue Grey","#A0AEBC"
"115","Bayside Blue","#277CE0"
"116","Sapphire Shimmer Blue","#5776AF"
"117","Angel Blue (Pantone)","#83C5CD"
"118","Fairytale Blue","#3E9ABD"
"119","Light Purple Blue","#BD86D2"
"120","Chrysocolla Blue","#29A2C0"
"121","Brilliant Blue","#4F98CB"
"122","Radiant Blue","#2B5DF5"
"123","Smoky Blue","#6F787D"
"124","Simple Baby Blue","#8DCDF8"
"125","Tourmaline Water Blue","#99D3DF"
"126","Fountain Blue","#5AA7C6"
"127","Corporate Blue","#2B3459"
"128","Summer Soft Blue","#94D3D1"
"129","Light Cobalt Blue","#2F61AD"
"130","Theatre Blue","#21467A"
"131","Blue Magenta","#6A2765"
"132","Forget-me-not Blue","#358094"
"133","Catalina Blue","#223F67"
"134","Mykonos Blue","#025880"
"135","King’s Blue","#66AADE"
"136","Intense Sapphire Blue","#1C2F68"
"137","Simple Blue","#1659E0"
"138","Blue Nickel","#1B8EB8"
"139","Mountain Lake Blue","#85D4D4"
"140","Balmy Blue","#B2D0E4"
"141","Blue Glow","#5050F4"
"142","Curious Blue","#3D85B8"
"143","Nantucket Blue","#698DA4"
"144","Clear Blue","#009FC8"
"145","Pure Light Blue","#006A93"
"146","Spruce Blue","#577E89"
"147","Philippine Blue","#0039A8"
"148","Blueberry Soft Blue","#5E96C3"
"149","Cool Dark Blue","#0C1232"
"150","Intense Cobalt Blue","#03276F"
"151","Alpine Morning Blue","#A6CCD8"
"152","Nordland Light Blue","#96AEC5"
"153","Rare Blue","#3688B1"
"154","Danish Blue","#8DA8B3"
"155","Lyric Blue","#6F848E"
"156","Pink Blue","#D7C1F4"
"157","Blue Fire","#006CF0"
"158","Olympian Blue","#254773"
"159","Indian Blue","#0C1065"
"160","Super Blue","#0647D4"
"161","Purple Blue","#392864"
"162","Pallid Blue","#B3CDD4"
"163","British Blue","#012169"
"164","Paper Blue","#BCD3E0"
"165","Wind Blue","#B1C9DF"
"166","Blue Blood","#659FB6"
"167","Heavenly Blue","#72A2F1"
"168","Princess Blue","#149CC4"
"169","Icelandic Blue","#AAADC2"
"170","Intense Blue","#232A6C"
"171","Alienware Blue","#007CC0"
"172","Light Blue Gray","#A3AABE"
"173","Ballad Blue","#C0CEDA"
"174","Blueberry Mauve","#A99EB3"
"175","Blue Skies","#1273CE"
"176","UNICEF Blue","#1CABE2"
"177","Smock Blue","#3B646C"
"178","Teal Blue (Pantone)","#007F7B"
"179","Blue Cheese","#D9E4DF"
"180","Tiffany Blue","#0BBBBB"
"181","Bolt Blue","#006CFF"
"182","Average Blue","#4E80DE"
"183","Classic Blue Gray","#7B8295"
"184","Country Blue","#759DAF"
"185","Alpine Blue","#2673E2"
"186","Marooned Blue","#352640"
"187","Ice Crystal Blue","#A6E3E0"
"188","Corundum Blue","#4A6267"
"189","Frosty Soft Blue","#B4E0DE"
"190","BlackBerry Blue","#1475DC"
"191","Rose Blue","#7D7CC0"
"192","Silver Fir Blue","#7196A2"
"193","Sailor Blue","#006687"
"194","Shazam Blue","#0088FF"
"195","Robin’s Egg Blue","#00CCCC"
"196","Young Boy Blue","#4F8AD2"
"197","Cotton Blue","#2063AC"
"198","Azores Blue","#0085A7"
"199","Blue Coral","#1C5366"
"200","Antique Royal Blue","#37405E"
"201","Powder Soft Blue","#B9C9D7"
"202","Granite Blue","#6D778F"
"203","Aqua Blue","#65D8EC"
"204","Lake Blue","#5E8FC7"
"205","Light Teal Blue","#518E99"
"206","Costume Blue","#6477A0"
"207","Bold Blue","#24325A"
"208","Stone Blue","#00688D"
"209","Adriatic Blue","#5C899C"
"210","Nautical Blue","#223658"
"211","Aquatic Blue","#12DBF1"
"212","Blue Aura","#7582FC"
"213","Pyjama Blue","#6299AA"
"214","Blue Purple","#251858"
"215","Limousine Grey Blue","#535F62"
"216","Dell Blue","#0076CE"
"217","Expedia Blue","#000099"
"218","Jewel Blue","#73BCEC"
"219","Iris Blue","#49589C"
"220","Succulent Blue","#B7D9D9"
"221","Blue Whale","#6E8195"
"222","Brilliant Blue","#2752D6"
"223","Violet Blue","#4157A2"
"224","Blue Grotto","#0A69D6"
"225","Eggshell Blue","#9EC6C2"
"226","Icy Blue","#97C1E6"
"227","Orient Blue","#156681"
"228","Deep Aqua Blue","#1396C9"
"229","Clear Winter Blue","#506497"
"230","Classic Dark Blue","#1E2A56"
"231","UNESCO Blue","#0077D4"
"232","Bright Royal Blue","#131C42"
"233","Onion Skin Blue","#4C5692"
"234","Blizzard Blue","#B7E2F3"
"235","Pacific Blue","#83B0D6"
"236","Light Blue Grey","#C0C8CF"
"237","Classic Blue-green","#31A39D"
"238","Morpho Blue","#0399C4"
"239","Heron Blue","#6E819D"
"240","Facebook Blue","#1877F2"
"241","Best Calming Blue Colors","#9FCAE5"
"242","Betta Blue","#0E6B8A"
"243","Jay Blue","#4A85BE"
"244","Blueberry Ice Cream","#846C96"
"245","Spindrift Blue","#8DD3E5"
"246","Forest Blue","#2B689C"
"247","Japanese Blue","#1C3563"
"248","Crystal Blue (RAL Design)","#9BD0E5"
"249","Lady Blue","#7557F0"
"250","Polar Blue","#B3E0E7"
"251","Technical Blue","#587C8D"
"252","Hyacinth Blue","#1E5DA5"
"253","Altdorf Sky Blue","#00A1AC"
"254","Architecture Blue","#7195A6"
"255","Prussian Blue (RAL Design)","#003442"
"256","Portuguese Blue","#3C5E95"
"257","Advertising Blue","#0081A8"
"258","Acid Wash Blue","#8198B2"
"259","Trendy Blue","#555D99"
"260","Ice Blue Grey","#717787"
"261","Milk Blue","#DCE3E7"
"262","Carbon Blue","#646B70"
"263","English Blue","#132855"
"264","Blue Ivory","#6E79C2"
"265","Boho Blue","#235877"
"266","Prince Blue","#004883"
"267","China Blue","#00838D"
"268","Aquamarine Blue (RAL Design)","#319F9F"
"269","Flat Blue","#73A8E6"
"270","Industrial Blue","#00898C"
"271","Neutral Blue-Green","#7F8F8E"
"272","Arctic Blue","#90E0F7"
"273","Powder Blue (Pantone)","#96B3D2"
"274","Spiritual Blue","#BFE5F1"
"275","Flat Dark Blue","#335680"
"276","Air Blue (RAL Design)","#C3DBE4"
"277","Berlin Blue","#31485C"
"278","Garish Blue","#00A4B1"
"279","Coelin Blue","#497D93"
"280","Plum Blue","#4B6176"
"281","Kingfisher Blue","#006491"
"282","Fantasy Blue","#290EA0"
"283","Sweet Blue","#6A45C7"
"284","Kolibri Blue","#00477A"
"285","Summer Blue (RAL Design)","#1880A1"
"286","Strong Blue","#2752D6"
"287","Well Blue","#00888B"
"288","Firmanent Blue","#11353F"
"289","Girly Light Blue","#DAEAF9"
"290","Blue Haze","#9BA3BB"
"291","Wax Crayon Blue","#00A4A6"
"292","Bad Boy Blue","#131F75"
"293","Trouser Blue","#00666D"
"294","Soft Blue White","#DAE7E9"
"295","Mary Blue","#006A77"
"296","Heron Blue","#2F2B3A"
"297","Indigo Blue (RAL Design)","#006973"
"298","Berry Blue Green","#264B56"
"299","Cranach Blue","#2B8288"
"300","Army Blue","#404F69"
"301","Dusk Blue","#26666B"
"302","French Blue (RAL Design)","#264963"
"303","Tusche Blue","#0082AD"
"304","Midnight Blue (RAL Design)","#36475C"
"305","Dark Blue (RAL Design)","#2E4764"
"306","Neptune Blue","#2E5D9D"
"307","Moonstone Blue","#A0C1C1"
"308","Opal Blue","#004C73"
"309","Shirt Blue","#6598AF"
"310","Stone Blue","#3D5168"
"311","Subtle Blue","#D2E5F6"
"312","Arctic Blue (RAL Design)","#00A1A3"
"313","Grape Blue","#24486C"
"314","Poster Blue","#134682"
"315","Metro Blue","#4579AE"
"316","Paradise Blue","#86E7F3"
"317","Cadet Blue (RAL Design)","#3D5F7C"
"318","Copenhagen Blue","#21638B"
"319","Linen Blue","#1D6383"
"320","Bird Blue","#7B929E"
"321","Cold Blue","#006C78"
"322","Evening Blue","#445E8D"
"323","Starry Sky Blue","#4F5E7E"
"324","Thunderstorm Blue","#004F63"
"325","Cold Soft Blue","#D9E7E6"
"326","Tool Blue","#637985"
"327","Glacier Blue","#008691"
"328","Enamel Blue","#326285"
"329","Galenite Blue","#374B52"
"330","Cosmos Blue","#003249"
"331","Digital Blue","#0000FF"
"332","Pretty Light Blue","#ABCED7"
"333","Strong Arctic Blue","#44D0FE"
"334","Carrier Pigeon Blue","#889398"
"335","Chalky Blue White","#D0EBF1"
"336","Crow Black Blue","#112F4B"
"337","Light Robin Egg Blue","#D4FEF9"
"338","Tanzanite Blue","#114A6B"
"339","Indigo Navy Blue","#4C5E87"
"340","Paris Blue","#B7DDED"
"341","Medici Blue","#104773"
"342","Steel Light Blue","#5599B6"
"343","Neutral Sky Blue","#B0C0C8"
"344","Sheet Blue","#52616F"
"345","Basic Blue","#4759E6"
"346","Military Blue","#324A6E"
"347","Teal Dark Blue","#0F4D5C"
"348","Swedish Blue","#575D64"
"349","Baby Blue (Pantone)","#B5C7D3"
"350","Elegant Blue","#19437D"
"351","India Blue (RAL Design)","#008A8E"
"352","Pool Blue","#00658C"
"353","Royal Blue (RAL Design)","#004D7C"
"354","Effervescent Blue","#00315A"
"355","Greenland Blue","#367F9A"
"356","Pearl Blue (RAL Design)","#5D96B9"
"357","Misty Blue (Pantone)","#BFCDCC"
"358","Brocade Blue","#6D7888"
"359","Lilac Blue","#8293AC"
"360","Viennese Blue","#4278AF"
"361","Aragonite Blue","#6A95B1"
"362","Blue Shine","#4199FD"
"363","Green-Blue","#2AAE94"
"364","Sage Blossom Blue","#4E78A9"
"365","Toy Blue","#00889F"
"366","Velvet Blue","#9FCAE5"
"367","Source Blue","#CDEAE5"
"368","Horizon Blue","#9DE5D8"
"369","Rich Blue (RAL Design)","#00344A"
"370","Comfort Blue","#85A6D4"
"371","Mystic Blue (Pantone)","#E1E3DE"
"372","Sea Blue (Pantone)","#549F98"
"373","White Blue","#CDD6DB"
"374","Cosmic Blue","#2288BF"
"375","Aruba Blue","#81D7D3"
"376","Magic Blue","#005F9D"
"377","Blue Flower","#D0D9D4"
"378","Middle Blue","#0085E5"
"379","Denim Blue","#2F6479"
"380","Goblin Blue","#5F7278"
"381","Green-Blue Slate","#358082"
"382","Cocktail Blue","#5A7AA2"
"383","Summer Turquoise Blue","#4B9CAB"
"384","Eyeshadow Blue","#6B94C5"
"385","Soft Blue Lavender","#888CBA"
"386","Shady Blue","#42808A"
"387","Celeste Blue","#406374"
"388","Twilight Blue","#2F3B62"
"389","Gentle Blue (RAL Design)","#7694A9"
"390","Delphinium Blue","#7494BC"
"391","Atmospheric Soft Blue","#ACE1F0"
"392","Nightshade Blue","#293135"
"393","Diamond Soft Blue","#BCDAEC"
"394","Lavender Blue (RAL Design)","#7B93B4"
"395","French Navy Blue","#022658"
"396","Noble Blue","#697991"
"397","Marker Blue","#00869A"
"398","Washing Powder Soft Blue","#C3D8E4"
"399","Morning Blue (RAL Design)","#7098A0"
"400","Wisteria Light Soft Blue","#A6A8C5"
"401","Deep Royal Blue","#122560"
"402","Cyan Blue (RAL Design)","#006F86"
"403","Capri Water Blue","#ABE2D6"
"404","Cabana Blue","#76B5C7"
"405","Spa Blue","#D3DEDF"
"406","Frost Blue (RAL Design)","#5D9AA6"
"407","Blue Cream","#CEDEF8"
"408","Tender Blue","#B2C1E3"
"409","Lavender Blue (Pantone)","#C5C0D0"
"410","Blue Velvet","#210E7F"
"411","Pastel Light Blue","#CEE5ED"
"412","Blue Sky Shine","#71CDF1"
"413","Precious Blue","#262F99"
"414","Topaz Blue","#4B98C0"
"415","Crowberry Blue","#003447"
"416","Himalaya White Blue","#B9DEE9"
"417","Lapis Lazuli Blue","#215F96"
"418","Non Photo Blue","#4BABCE"
"419","Sterling Blue","#A2B9C2"
"420","Aegean Blue","#456178"
"421","Metal Blue","#0F3341"
"422","Sparkling Blue","#92E2EC"
"423","Tile Blue","#7C959B"
"424","Russian Blue","#2A9AF6"
"425","Legion Blue","#1F495B"
"426","Blue Tint","#9FD9D7"
"427","Teal Blue (RAL Design)","#97D1CB"
"428","Police Blue","#374F6B"
"429","Blue Curacao","#33BECC"
"430","Holbein Blue Grey","#547D86"
"431","Cornflower Blue (RAL Design)","#327AB9"
"432","Gladiola Blue","#6370B6"
"433","Blue Pink","#B5A3C5"
"434","Delft Blue (RAL Design)","#607999"
"435","Mallorca Blue","#517B95"
"436","Craftsman Blue","#008193"
"437","Blue Wing Teal","#2C4053"
"438","Cloud Blue","#A2B6B9"
"439","Christmas Blue","#1F2766"
"440","Glossy Blue-green","#4ACEC1"
"441","Tulip Soft Blue","#C3C4D6"
"442","Titanium Blue","#5B798E"
"443","Blue Party","#4052D7"
"444","Blackthorn Blue","#4C606B"
"445","Fresco Blue","#30818F"
"446","True Blue","#1643A2"
"447","Blue Emerald","#3CA8AB"
"448","Business Blue","#272C52"
"449","Mystic Blue","#574FB8"
"450","Blue Anthracite","#555E64"
"451","Foggy Blue","#99AEBB"
"452","Milky Blue","#72A8BA"
"453","Laser Blue","#3F5EF9"
"454","Bleached Blue","#C6DBE2"
"455","Crystal Blue","#C5DAFF"
"456","Meadow Blossom Blue","#7AB2D4"
"457","Deep Sea Blue (RAL Design)","#2A4B5A"
"458","Blue Shimmer","#68B6E7"
"459","Work Blue","#004D67"
"460","Big Boy Blue","#58719B"
"461","Comfort Mystic Blue","#6868AC"
"462","Serene Blue","#7C93BE"
"463","Coral Blue","#2086AE"
"464","Lazy Blue","#9BA8B7"
"465","Forest Bluegreen","#1B847A"
"466","Bright Sky Blue","#77C4FE"
"467","Comfort Ice Blue","#ACE3E8"
"468","Apatite Blue","#31827B"
"469","Phthalo Blue","#040967"
"470","Hyacinth White Soft Blue","#C1C7D7"
"471","Aster Flower Blue","#9BACD8"
"472","Captain Blue","#005171"
"473","Office Blue Green","#006C65"
"474","Blue Hint","#D5E9FE"
"475","Sport Blue","#0236F2"
"476","Lasurite Blue","#174C60"
"477","Structural Blue","#0E9BD1"
"478","Broom Butterfly Blue","#6BB3DB"
"479","Traditional Blue","#3C75E0"
"480","Stratos Blue","#3799C8"
"481","Fashion Blue (RAL Design)","#006B64"
"482","Gemstone Blue","#004F6D"
"483","Dirty Blue","#344953"
"484","Shiny Blue","#527DF3"
"485","Smoke Blue","#6D8994"
"486","Dusky Blue","#6C779C"
"487","Comfort Lagoon Blue","#5091E0"
"488","Chalk Blue","#90B0C4"
"489","Himalaya Blue","#AECDE0"
"490","Lagoon Blue","#2B7ADB"
"491","Pebble Soft Blue White","#D3D7DC"
"492","Island Blue","#377099"
"493","Medium Blue (RAL Design)","#85B0CC"
"494","Lilac Scent Soft Blue","#9EABD0"
"495","Charcoal Blue","#2D4256"
"496","Violet Scent Soft Blue","#BCC6DF"
"497","Full Blue","#0000FF"
"498","Heather Blue","#6B83A4"
"499","Young Blue","#83C6E7"
"500","Fir Blue","#46807B"
"501","Earth Blue","#287AB8"
"502","Beijing Blue","#3E7DAA"
"503","Blue Blush","#D6DBD9"
"504","Gravel Grey Blue","#637A82"
"505","Baroque Chalk Soft Blue","#AECCCB"
"506","Ashleigh Blue","#6B86AA"
"507","Children’s Soft Blue","#A1CED7"
"508","Ink Blue","#006B88"
"509","Ashley Blue","#8699AB"
"510","Bluejay","#167EA0"
"511","Vermeer Blue","#2B7CAF"
"512","Bright Pastel Blue","#9BBEED"
"513","Lupine Blue","#6A96BA"
"514","Swallow Blue","#154962"
"515","Fluorite Blue","#B4CCC2"
"516","Clear Blue","#9DDFFF"
"517","Silvery Blue","#AEBDC7"
"518","Mountain Range Blue","#53B8C9"
"519","Tropical Blue","#48B1D8"
"520","Girly Blue","#9B8DDB"
"521","Gloomy Blue","#3C416A"
"522","Nordland Blue","#7E95AB"
"523","Steel Blue Grey","#436175"
"524","Flintstone Blue","#434252"
"525","Church Blue","#3D4161"
"526","Blue Ashes","#3B5F78"
"527","Techno Blue","#006B8B"
"528","Holiday Blue","#32BCD1"
"529","Pilot Blue","#006981"
"530","Pastel Blue (RAL Design)","#BCCACA"
"531","Marine Blue","#0981D1"
"532","Porcelain Blue","#95C0CB"
"533","Schiava Blue","#192961"
"534","Dresden Blue","#0086BB"
"535","Lviv Blue","#384172"
"536","Arabian Blue","#143B79"
"537","Trekking Blue","#4E606D"
"538","Silver Blue","#8A9A9A"
"539","Cropper Blue","#5C7B97"
"540","Berry Blue","#32607A"
"541","Pompeii Blue","#004C71"
"542","Biedermeier Blue","#507CA0"
"543","New York Blue","#3D5AA5"
"544","Tropical Night Blue","#2A2E4C"
"545","Dark Denim Blue","#00334F"
"546","Navy Dark Blue","#004C6A"
"547","Corsican Blue","#646093"
"548","Antique Blue","#4E7B96"
"549","Workshop Blue","#02667B"
"550","Black Forest Blue","#29485A"
"551","Blue Atoll","#00B1D2"
"552","Old Glory Blue","#0A3161"
"553","Juniper Berry Blue","#3F626E"
"554","Matrix Blue","#31C9D4"
"555","Blue Mist","#5BACC3"
"556","Clinical Soft Blue","#B2CFD3"
"557","Blue Moon","#3686A0"
"558","Silver Lake Blue","#618BB9"
"559","Cone Green Blue","#4A6169"
"560","Mahonia Berry Blue","#62788E"
"561","Fresh Soft Blue","#6AB9BB"
"562","Real Blue","#3C3CE0"
"563","Meissen Blue","#007FB9"
"564","Bit Of Blue","#E2EAEB"
"565","Calcite Blue","#94B2B2"
"566","Bluest Blue","#0A68EF"
"567","Cranberry Blue","#7494B1"
"568","Power Blue","#2C477A"
"569","Diopside Blue","#8391A0"
"570","Harmony Blue","#91EDF7"
"571","Fine Blue","#B6E1E1"
"572","Subdued Blue","#A4B4C6"
"573","Baltic Blue","#6C969A"
"574","Tyrolite Blue-green","#00A499"
"575","Navy Blue (Pantone)","#403F6F"
"576","Blue Punk","#22E8FF"
"577","Dark Teal Blue","#215D6E"
"578","Sodalite Blue","#253668"
"579","Estate Blue","#233658"
"580","Curaçao Blue","#008894"
"581","Primal Blue","#0081B5"
"582","Classic Blue","#0F4C81"
"583","Mint Blue","#B3DCD6"
"584","Power Dark Blue","#112663"
"585","Dolphin Blue","#A5D1D3"
"586","Bird Blue Grey","#7F92A0"
"587","Cyan Blue","#15A3C7"
"588","Misty Blue","#94B3C4"
"589","Blue Tack","#9DBBD0"
"590","Dusty Blue","#65737E"
"591","Dark Royal Blue","#021945"
"592","Dazzling Blue","#3950A0"
"593","Bluesteel","#36637C"
"594","Ibiza Blue","#007CB8"
"595","Antarctic Blue","#CCEAE7"
"596","Autumn Blue","#1274A1"
"597","Prussian Blue CMYK","#083050"
"598","Summer Blue","#78A7DA"
"599","Vallarta Blue","#30658E"
"600","Blue Horizon","#4E6582"
"601","Azure Blue (Pantone)","#4D91C6"
"602","Vintage Dark Blue","#2B3246"
"603","Vibrant Soft Blue","#88D6DC"
"604","Nascent Blue","#7EE1FC"
"605","Celestial Blue","#A3B4C4"
"606","Air Blue","#77ACC7"
"607","Blue Indigo (Pantone)","#49516D"
"608","Linoleum Blue","#427C9D"
"609","Atlantic Blue","#008997"
"610","Artist Blue","#01343A"
"611","Basilica Blue","#4A9FA7"
"612","Cute Blue","#BAC8F7"
"613","Tulle Soft Blue","#D9E7E5"
"614","Ceramic Blue Turquoise","#16A29A"
"615","Gunmetal Blue","#373C49"
"616","Vista Blue","#80A0D4"
"617","Blue Iris","#5A5B9F"
"618","Mint Blue (RAL Design)","#BCE0DF"
"619","Beach Blue","#5F9CA2"
"620","Blue Glass","#C7E3E1"
"621","Cerulean Blue","#2A52BE"
"622","Ash Blue","#7A9598"
"623","Spring Blue","#4590FF"
"624","Turkish Blue (RAL Design)","#007FAE"
"625","Aroma Blue","#96D2D6"
"626","Prominent Blue","#2B7DA6"
"627","Danube Blue","#30A0AA"
"628","Best Light Blue","#B3CCF5"
"629","Parisian Blue","#4F7CA4"
"630","Easter Blue","#3ED1EE"
"631","Pallasite Blue","#314A4E"
"632","Matte Dark Blue","#0B0B60"
"633","Pale Blue (RAL Design)","#A7E3E2"
"634","Frost Blue","#ACD5F3"
"635","Pearl Blue","#B0B7BE"
"636","Beaucoup Blue","#32508E"
"637","Blueberry (Pantone)","#2C333E"
"638","Dark Imperial Blue","#173E7D"
"639","Dark Ocean Blue","#002B4D"
"640","Dark Grey-Blue","#424952"
"641","Premium Blue","#2C4C9C"
"642","Aquamarine Blue","#13B3AC"
"643","Winter Blue","#253559"
"644","Natural Blue-green","#51BEB5"
"645","Best Sky Blue","#4E9FE5"
"646","Premium Dark Blue","#13265C"
"647","Dark Midnight Blue","#08113B"
"648","Peacock Blue","#0F2CB3"
"649","Light Ocean Blue","#04789B"
"650","Imperial Blue","#134C97"
"651","Dark Peacock Blue","#16287A"
"652","Dark Blue-green","#1E8481"
"653","Dark Steel Blue","#295D8A"
"654","Dark Cornflower Blue","#325BBA"
"655","Dark Aquamarine Blue","#0F7D77"
"656","Muted Sky Blue","#85B0C1"
"657","Pastel Sky Blue","#B4D9EF"
"658","Cool Blue","#7492B9"
"659","Neutral Light Blue","#8C9BB5"
"660","Dull Sea Blue","#5490A4"
"661","Neutral Blue","#4D5C74"
"662","American Blue","#0A3161"
"663","Rich Sky Blue","#528CD3"
"664","Royal Blue CMYK","#424972"
"665","French Blue","#0055A4"
"666","Deep Blue CMYK","#002F5E"
"667","Matte Navy Blue","#2E2467"
"668","Best Blue","#315399"
"669","Bright Blue CMYK","#2A5CAA"
"670","Metallic Blue","#1B3D81"
"671","Sea Foam Blue","#2A868A"
"672","Highlighter Blue","#30C5FF"
"673","Birthday Blue","#ADCFE9"
"674","Beau Blue","#BCD4E6"
"675","Muted Navy Blue","#4B456B"
"676","Baby Blue Eyes","#A1CAF1"
"677","Dark Navy Blue","#0B0B45"
"678","Pastel Dark Blue","#3D426B"
"679","Pastel Blue-green","#A5E3E0"
"680","Camouflage Blue","#284B87"
"681","Polestar Blue","#D3E2FF"
"682","Pewter Blue","#8BA8B7"
"683","Soft Pale Blue","#D5F6F9"
"684","Little Boy Blue","#6EA1D4"
"685","Blue White","#F4F5FF"
"686","Muted Dark Blue","#3E436F"
"687","Blue Grey (RAL)","#5D686D"
"688","Calming Dark Blue","#2E3E64"
"689","Rich Electric Blue","#0892D0"
"690","Calming Blue-Green","#3F8077"
"691","Impact Blue","#1240C0"
"692","Soft Light Blue","#C7E4EE"
"693","Ocean Blue","#005477"
"694","Neon Powder Blue","#9AF3FF"
"695","Grey Blue (RAL)","#2D3A44"
"696","Mirror Blue","#2B67F1"
"697","Maastricht Blue","#001C3D"
"698","Medium Electric Blue","#035096"
"699","Pearl Night Blue (RAL)","#1B2F52"
"700","India Blue","#312C6A"
"701","Traffic Blue (RAL)","#005A8C"
"702","Soft Sky Blue","#C1F1FF"
"703","Seashell Blue","#DFEDFF"
"704","Pastel Blue (RAL)","#6792AC"
"705","Pale Sky Blue","#D3E1EB"
"706","Deep Azure Blue","#004DAB"
"707","Violet Blue (RAL)","#384E6F"
"708","Capri Blue (RAL)","#0F5D84"
"709","Relax Blue","#7AB7E2"
"710","Pastel Blue","#C9D6E8"
"711","Blue Indigo","#5710E5"
"712","Blue-Green CMYK","#78CDD1"
"713","Blue Calm","#7CB4BE"
"714","Matte Light Blue","#A6B6C9"
"715","Sky Blue (RAL)","#0B7BB0"
"716","Dark Electric Blue","#536878"
"717","Glossy Light Blue","#87C1FF"
"718","Deep Navy Blue","#000052"
"719","Spectrum Blue","#1642DE"
"720","Luxury Blue","#1F2B8F"
"721","Rich Blue","#3822CD"
"722","Sky Blue CMYK","#92C5EB"
"723","Retro Blue","#2C4E72"
"724","Naughty Blue","#007AEC"
"725","Warm Blue","#9BB9D0"
"726","Rich Blue-green","#14C0CC"
"727","Matte Blue-green","#57A9A5"
"728","Neon Light Blue","#83EEFF"
"729","Gentle Blue","#B4D0E2"
"730","Faded Blue","#969CBA"
"731","Deep Sea Blue","#256794"
"732","Dull Blue","#677FA3"
"733","Neon Dark Blue","#000370"
"734","Matte Sky Blue","#7AAEC4"
"735","Soft Blue-green","#9FCECE"
"736","Electric Blue","#7DF9FF"
"737","Steel Blue (RAL)","#1E2B3D"
"738","Neon Blue-Green","#00F2DE"
"739","Psychedelic Blue","#0038FF"
"740","Rich Deep Blue","#0B2275"
"741","Pure Blue","#0000FF"
"742","Perfect Blue","#045FD0"
"743","Deep Blue","#072A6C"
"744","Hot Blue","#600FFF"
"745","Blue CMYK","#2E3192"
"746","Aesthetic Blue","#284F8F"
"747","Muted Blue","#83A1CD"
"748","Deep Ocean Blue","#003C5F"
"749","Solid Blue","#2664F5"
"750","Pretty Blue","#4DA4EA"
"751","Deep Blue-Green","#006A6E"
"752","Trust Blue","#0A64BC"
"753","Refresh Blue","#87ADED"
"754","Navy Blue","#2D2363"
"755","Glossy Blue","#0D5BE1"
"756","Black Blue (RAL)","#1A1E28"
"757","Natural Blue","#499DD0"
"758","Happy Blue","#5156E5"
"759","Pearl Gentian Blue","#2C697C"
"760","Royal Blue (Pantone)","#3D428B"
"761","Night Blue","#2B2C5A"
"762","Fresh Blue","#74D7FC"
"763","Rainbow Blue","#1460BA"
"764","Fashion Blue","#2633CB"
"765","Imperial Blue (Pantone)","#005A92"
"766","Cobalt Blue","#0047AB"
"767","Royal Blue (Traditional)","#002366"
"768","Indigo Blue","#3F0FB7"
"769","Ukraine Blue","#0057B7"
"770","Blue-green","#0CBAA6"
"771","Pastel Navy Blue","#5E5CB2"
"772","Brandeis Blue","#0070FF"
"773","Bondi Blue","#0095B6"
"774","Israel Blue","#002EAC"
"775","Greek Blue","#1269C7"
"776","Rustic Blue","#525D80"
"777","Turkish Blue","#446BAD"
"778","Ateneo Blue","#003A6C"
"779","Pale Blue","#D7E5F0"
"780","Cobalt Blue (RAL)","#223053"
"781","Light Blue (RAL)","#2E88B6"
"782","Signal Blue","#005187"
"783","Ultramarine Blue (RAL)","#1E367B"
"784","Turquoise Blue (Ferrario)","#00B0C7"
"785","Matte Blue","#6577B3"
"786","Blue Lilac","#7B679A"
"787","Pale Robin Egg Blue","#96DED1"
"788","Bright Blue","#183EFA"
"789","Old Blue","#445B89"
"790","Air Superiority Blue","#72A0C1"
"791","Soft Navy Blue","#3D3D90"
"792","Penn Blue","#011F5B"
"793","Reflex Blue (Pantone)","#001489"
"794","Blue-Gray","#6699CC"
"795","PRU Blue","#72A0C1"
"796","Dark Blue-Gray","#666699"
"797","USAFA Blue","#004F98"
"798","True Blue (Pantone)","#1F4477"
"799","Ocean Blue (RAL)","#00414B"
"800","Medium Persian Blue","#0067A5"
"801","Gentian Blue","#004E7C"
"802","Dark Sea Blue","#022F8E"
"803","Vibrant Blue","#0022EE"
"804","Enzian Blue","#004E7C"
"805","Dark Blue (Pantone)","#00249C"
"806","Wild Blue Yonder","#7A89B8"
"807","Air Force Blue (RAF)","#5D8AA8"
"808","Green Blue","#1D4C64"
"809","Light Sea Blue","#44A7C4"
"810","Ultramarine Sky Blue (Ferrario)","#133E91"
"811","Fluorescent Blue","#4AF1F2"
"812","Turquoise Blue (RAL)","#1B8B8C"
"813","Permanent Blue","#2522CA"
"814","Prussian Blue (Ferrario)","#002C53"
"815","Sea Blue","#006994"
"816","Polynesian Blue","#254A63"
"817","Neon Blue","#4D4DFF"
"818","Blue Green (RAL)","#084442"
"819","Han Blue","#446CCF"
"820","Duck Blue","#007791"
"821","Light Blue","#ADD8E6"
"822","Cerulean Blue (Ferrario)","#007AB0"
"823","Maya Blue","#4C9FE2"
"824","Blue Sapphire","#151667"
"825","Ice Blue","#99FFFF"
"826","USAF Blue","#003087"
"827","Prussian Blue","#193050"
"828","Uranus Blue","#4FD0E7"
"829","Argentinian Blue","#6CACE4"
"830","Ruddy Blue","#63AAEA"
"831","Tekhelet Blue","#075299"
"832","Spanish Blue","#0070BB"
"833","Blue (Crayola)","#1F75FE"
"834","Dark Blue","#00008B"
"835","Baby Blue","#89CFF0"
"836","Shadow Blue","#778BA5"
"837","Royal Blue","#4169E1"
"838","Vivid Blue","#0000FF"
"839","Powder Blue","#B0E0E6"
"840","Savoy Blue","#0A36AF"
"841","Blue Violet","#8A2BE2"
"842","Soft Blue","#93CAED"
"843","Azure Blue","#2D5E78"
"844","Ultramarine Blue (Ferrario)","#013C89"
"845","Sky Blue (Crayola)","#80DAEB"
"846","Deep Cobalt Blue (Ferrario)","#005197"
"847","Distant Blue","#4A688D"
"848","Dark Slate Blue","#483D8B"
"849","Blue (Munsell)","#0093AF"
"850","Blue (NCS)","#0087BD"
"851","Medium Slate Blue","#7B68EE"
"852","Primary Blue (Ferrario)","#005185"
"853","Morning Blue","#8DA399"
"854","Chinese Blue","#446CCF"
"855","Faenza Blue","#00205B"
"856","YInMn Blue","#2E5090"
"857","Water Blue","#007577"
"858","New Blue","#2522CA"
"859","Vintage Blue","#303D57"
"860","Dark Sky Blue","#0BA8E6"
"861","Spanish Sky Blue","#00AAE4"
"862","Tech Blue","#2776EA"
"863","Wedgwood Blue","#7D9BCA"
"864","Faded Navy Blue","#414375"
"865","International Klein Blue","#1F18C0"
"866","French Sky Blue","#77B5FE"
"867","Marian Blue","#2B4593"
"868","Turquoise Blue","#00FFEF"
"869","Blue Yonder","#5A77A8"
"870","Teal Blue","#367588"
"871","Sky Blue (Pantone)","#8ABAD3"
"872","Bright Navy Blue","#1974D2"
"873","Blue-Black","#040720"
"874","Pigeon Blue","#687C96"
"875","Oriental Blue","#2522CA"
"876","Process Blue","#0085CA"
"877","Light Steel Blue","#B0C4DE"
"878","Blue Celeste","#7EC0EE"
"879","Vivid Sky Blue","#00CCFF"
"880","Deep King’s Blue","#4590C9"
"881","Blue Bell","#A2A2D0"
"882","Sapphire Blue","#263855"
"883","Relaxing Blue","#91B2C7"
"884","Celtic Blue","#0062B9"
"885","Medium Sky Blue","#80DAEB"
"886","Persian Blue","#1C2574"
"887","Delft Blue","#1F305E"
"888","Cornflower Blue (Crayola)","#93CCEA"
"889","Italian Blue","#0A36AF"
"890","Turnbull’s Blue","#182F59"
"891","Brilliant Blue (RAL)","#426A8C"
"892","Midnight Blue (Crayola)","#003366"
"893","St. Patrick’s Blue","#040556"
"894","Gray-Blue","#8C92AC"
"895","Angel Blue","#9ED5EF"
"896","Egyptian Blue","#1034A6"
"897","Blue Galaxy","#003697"
"898","Light Sky Blue","#87CEFA"
"899","Mountain Blue","#4E6CB4"
"900","Slate Blue","#6A5ACD"
"901","Carolina Blue","#7BAFD4"
"902","Amazon Echo Blue","#00A7CE"
"903","Steel Blue","#4682B4"
"904","Sky Blue","#87CEEB"
"905","Cornflower Blue","#6495ED"
"906","Midnight Blue","#191970"
"907","MTA Blue","#0039A6"
"908","Amazon Alexa Blue","#00CAFF"
"909","Twitter Blue","#1DA1F2"
"910","Deep Sky Blue","#00BFFF"
"911","Medium Blue","#0000CD"
"912","Dodger Blue","#1E90FF"
"913","Cadet Blue","#5F9EA0"
"914","Blue","#0000FF"
"915","Alice Blue","#F0F8FF"
"916","Blueberry","#4F86F7"
"917","Blue Jeans","#5DADEC"
"918","Lavender Blue","#CCCCFF"
"919","Discord Green","#57F287"
"920","Ukraine Yellow","#FFDD00"
"921","Cassandra","#9A6CBB"
"922","Greyish","#B2B9BB"
"923","Copper Sulphate","#0190EE"
"924","Digital Red","#FF0000"
"925","Cherry Pink","#E26F8F"
"926","Digital Yellow","#FFFF00"
"927","Digital Green","#008000"
"928","Digital Navy","#000080"
"929","Abyss","#02225D"
"930","Calming","#C6E5DA"
"931","Spearmint","#35A374"
"932","Calm","#B9D2D6"
"933","Yankee","#0A3064"
"934","Shades of White","#cccccc"
"935","Shiny Navy","#06068F"
"936","Full Orange","#FF8000"
"937","Full Yellow","#FFFF00"
"938","Nova","#93A4EC"
"939","Full Magenta","#FF00FF"
"940","Full Cyan","#00FFFF"
"941","Full Red","#FF0000"
"942","Full Green","#00FF00"
"943","Phthalo Green","#043A14"
"944","Placid","#67A2B9"
"945","Shiva","#281456"
"946","Ice Platinum","#D1E2E8"
"947","Marengo-clair","#D0D4D8"
"948","Lilac","#DCD0FF"
"949","Misty","#B4C1C9"
"950","Cerulean (Crayola)","#1DACD6"
"951","Complete List of HTML Color Names","#333333"
"952","Misty Ice","#D3E0E7"
"953","Cerulean Frost","#6D9BC3"
"954","Space","#37425B"
"955","Cerulean (RGB)","#008FBE"
"956","Cerulean","#007BA7"
"957","Cloudy Mist","#DCE7EC"
"958","Atlantic","#155370"
"959","Hawaii Ocean","#52B3C9"
"960","Full Black","#000000"
"961","Pastel Aqua","#D5F6FB"
"962","Deep Space","#35364A"
"963","Marina","#91CACF"
"964","青碧 (Seiheki)","#3A6960"
"965","Marengo","#525662"
"966","Full White","#FFFFFF"
"967","Gamboge","#E49B0F"
"968","Peacock Navy","#071048"
"969","瑠璃紺 (Rurikon)","#1B294B"
"970","紺桔梗 (Konkikyō)","#191F45"
"971","Antique Steel","#B1B6B7"
"972","紫紺 (Shikon)","#2B2028"
"973","空色 (Sora-iro)","#4D8FAC"
"974","錆浅葱 (Sabiasagi)","#6A7F7A"
"975","紺青色 (Konjō-iro)","#003171"
"976","Bright Grey","#EBECF0"
"977","Electric Gray","#A5ADAD"
"978","縹 (Hanada)","#044F67"
"979","Neon Aqua","#21F8F6"
"980","花浅葱 (Hanaasagi)","#1D697C"
"981","水色 (Mizu-iro)","#86ABA5"
"982","薄青 (Usuao)","#8C9C76"
"983","Orange CMYK","#F7941D"
"984","Magenta CMYK","#EC008C"
"985","紺 (Kon)","#192236"
"986","浅葱色 (Asagi-iro)","#48929B"
"987","青丹 (Aoni)","#52593B"
"988","Luxury Green","#135029"
"989","Pastel Turquoise","#98DEDE"
"990","Pastel Aquamarine","#B0E9D5"
"991","Clear Aqua","#DFFBFB"
"992","Oxblood","#4A0000"
"993","Dark Indigo","#2A0D5D"
"994","Prune","#1F1D30"
"995","Burgundy","#800020"
"996","Deep Indigo","#2B0071"
"997","Pale Aquamarine","#ACE9D4"
"998","Sapphire","#0F52BA"
"999","Denim","#1560BD"
"1000","Dark Aquamarine","#289D8C"
"1001","Pastel Teal","#63B7B7"
"1002","Matte Silver","#A5A5A8"
"1003","Faded Navy","#363B5E"
"1004","Glossy Silver","#BBC2CC"
"1005","Vintage Mint","#69B096"
"1006","Peacoat","#2B2E43"
"1007","Chinese Purple","#5218FA"
"1008","Purple Navy","#4E5180"
"1009","Aero","#7CB9E8"
"1010","International Orange (Engineering)","#BA160C"
"1011","Pastel Snow","#E5ECF8"
"1012","Space Cadet","#1E2952"
"1013","Dark Gunmetal Grey","#1D212E"
"1014","Safety Yellow (ANSI)","#EED202"
"1015","Rhythm","#777696"
"1016","Regimental","#32127A"
"1017","Periwinkle","#CCCCFF"
"1018","Artist’s Purple","#C71585"
"1019","French Ultramarine","#2522CA"
"1020","Persian Indigo","#32127A"
"1021","Hooker’s Green","#49796B"
"1022","Mist","#CDD8D9"
"1023","Livid","#6699CC"
"1024","Byzantium","#702963"
"1025","Independence","#4C516D"
"1026","Ice Green","#87D8C3"
"1027","Han Purple","#5218FA"
"1028","Medium Aquamarine","#66CDAA"
"1029","Royal Azure","#1866E1"
"1030","Royal Purple (Crayola)","#7851A9"
"1031","Sunset Pink","#D48ECD"
"1032","Purple","#800080"
"1033","Vintage Navy","#2A344D"
"1034","Glaucous","#6082B6"
"1035","Magenta","#FF00FF"
"1036","Purple (X11)","#A020F0"
"1037","Permanent Green","#009669"
"1038","Electricity","#B3CEFF"
"1039","Ultramarine","#2142AB"
"1040","Light Gunmetal","#344148"
"1041","Indigo Dye","#091F92"
"1042","Emerald Lake","#5BB6B6"
"1043","Ghost White","#F8F8FF"
"1044","Light Cyan","#E0FFFF"
"1045","Fluorescent Purple","#DF00FF"
"1046","Light Turquoise","#AFE4DE"
"1047","Christmas Red","#C30F16"
"1048","Penn Red","#990000"
"1049","Violet","#EE82EE"
"1050","Fuchsia","#FF00FF"
"1051","Teal","#008080"
"1052","Aqua","#00FFFF"
"1053","Indigo","#4B0082"
"1054","Navy","#000080"
"1055","Turquoise","#40E0D0"
"1056","Traditional Indigo","#274788"
"1057","Celeste","#B2FFFF"
"1058","Capri","#00BFFF"
"1059","Bianchi Green","#B2FFFF"
"1060","Azure (Traditional)","#0080FF"
"1061","Black","#000000"
"1062","Cyan","#00FFFF"
"1063","Red","#FF0000"
"1064","Green (X11)","#00FF00"
"1065","White","#FFFFFF"
